{
  "homebrew_version": "4.4.8-11-gd646450",
  "used_options": [

  ],
  "unused_options": [

  ],
  "built_as_bottle": true,
  "poured_from_bottle": true,
  "loaded_from_api": true,
  "installed_as_dependency": false,
  "installed_on_request": true,
  "changed_files": [
    "share/pkgconfig/eigen3.pc"
  ],
  "time": 1737479478,
  "source_modified_time": 1629319318,
  "compiler": "clang",
  "aliases": [

  ],
  "runtime_dependencies": [

  ],
  "source": {
    "spec": "stable",
    "versions": {
      "stable": "3.4.0",
      "head": null,
      "version_scheme": 0
    },
    "path": "/Users/mohammad/Library/Caches/Homebrew/api/formula.jws.json",
    "tap_git_head": null,
    "tap": "homebrew/core"
  },
  "arch": "arm64",
  "built_on": {
    "os": "Macintosh",
    "os_version": "macOS 15",
    "cpu_family": "dunno",
    "xcode": "16.1",
    "clt": "16.1.0.0.1.1729049160",
    "preferred_perl": "5.34"
  }
}