{
  "SPDXID": "SPDXRef-DOCUMENT",
  "spdxVersion": "SPDX-2.3",
  "name": "SBOM-SPDX-eigen-3.4.0",
  "creationInfo": {
    "created": "2025-01-21T17:11:18Z",
    "creators": [
      "Tool: https://github.com/Homebrew/brew@4.4.17"
    ]
  },
  "dataLicense": "CC0-1.0",
  "documentNamespace": "https://formulae.brew.sh/spdx/eigen-3.4.0.json",
  "documentDescribes": [
    "SPDXRef-Archive-eigen-src",
    "SPDXRef-Compiler",
    "SPDXRef-Bottle-eigen"
  ],
  "files": [

  ],
  "packages": [
    {
      "SPDXID": "SPDXRef-Archive-eigen-src",
      "name": "eigen",
      "versionInfo": "3.4.0",
      "filesAnalyzed": false,
      "licenseDeclared": "NOASSERTION",
      "builtDate": "2021-08-18 20:41:58 UTC",
      "licenseConcluded": "MPL-2.0",
      "downloadLocation": "https://gitlab.com/libeigen/eigen/-/archive/3.4.0/eigen-3.4.0.tar.gz",
      "copyrightText": "NOASSERTION",
      "externalRefs": [

      ],
      "checksums": [
        {
          "algorithm": "SHA256",
          "checksumValue": "8586084f71f9bde545ee7fa6d00288b264a2b7ac3607b974e54d13e7162c1c72"
        }
      ]
    },
    {
      "SPDXID": "SPDXRef-Compiler",
      "name": "clang",
      "versionInfo": "16.0",
      "filesAnalyzed": false,
      "licenseDeclared": "NOASSERTION",
      "licenseConcluded": "NOASSERTION",
      "copyrightText": "NOASSERTION",
      "downloadLocation": "NOASSERTION",
      "checksums": [

      ],
      "externalRefs": [

      ]
    },
    {
      "SPDXID": "SPDXRef-Bottle-eigen",
      "name": "eigen",
      "versionInfo": "3.4.0",
      "filesAnalyzed": false,
      "licenseDeclared": "NOASSERTION",
      "builtDate": "2021-08-18 20:41:58 UTC",
      "licenseConcluded": "MPL-2.0",
      "downloadLocation": "https://ghcr.io/v2/homebrew/core/eigen/blobs/sha256:06503290dc3c07a67b8f582046b0a7f0bd68c2cb2da1e5bc071710de5ba7f5ec",
      "copyrightText": "NOASSERTION",
      "externalRefs": [
        {
          "referenceCategory": "PACKAGE-MANAGER",
          "referenceLocator": "pkg:brew/homebrew/core/eigen@3.4.0",
          "referenceType": "purl"
        }
      ],
      "checksums": [
        {
          "algorithm": "SHA256",
          "checksumValue": "06503290dc3c07a67b8f582046b0a7f0bd68c2cb2da1e5bc071710de5ba7f5ec"
        }
      ]
    }
  ],
  "relationships": [
    {
      "spdxElementId": "SPDXRef-File-eigen",
      "relationshipType": "PACKAGE_OF",
      "relatedSpdxElement": "SPDXRef-Archive-eigen-src"
    },
    {
      "spdxElementId": "SPDXRef-Compiler",
      "relationshipType": "BUILD_TOOL_OF",
      "relatedSpdxElement": "SPDXRef-Package-eigen-src"
    }
  ]
}